番号,単語,品詞,訳語,レベル
1,look,動詞,～に見える、見る,A
2,take,動詞,(時間などが）かかる、（乗り物）に乗る、〜を持っていく、（試験・授業など）を受ける,A
3,make A B,動詞,AをBにする、～を作る、～を行う,A
4,see,動詞,～が見える、〜を見る、～に会う、わかる,A
5,watch,動詞,〜を（注意して）見る,A
6,give 人 もの,動詞,（人）に（もの）を与える,A
7,work,動詞,働く、（機械などが）働く、（作業を）する,A
8,call A B,動詞,AをBと呼ぶ、電話する,A
9,enjoy,動詞,〜を楽しむ,A
10,find,動詞,〜を見つける、～とわかる,A
11,practice,動詞,〜を練習する,A
12,tell 人 もの・こと,動詞,（人）に（もの・こと）を話す,A
13,leave,動詞,〜を置き忘れる、～を残す、～を出発する,A
14,need,動詞,〜を必要とする,A
15,say,動詞,〜と言う、書いてある,A
16,finish,動詞,〜を終える、～が終わる,A
17,sell,動詞,〜を売る,A
18,clean,動詞,〜をきれいにする、～を掃除する,A
19,wait,動詞,待つ,A
20,become,動詞,〜になる,A
21,show 人 もの,動詞,（人）に（もの）を見せる、〜を見せる,A
22,join,動詞,～に加わる、～に参加する,A
23,bring,動詞,～を持ってくる、連れてくる,A
24,move,動詞,動く、〜を動かす、引っ越す,A
25,put,動詞,〜を置く,A
26,drive,動詞,～を車で送る、運転する,A
27,rain,動詞,雨が降る,A
28,win,動詞,～に勝つ、～を勝ち取る,A
29,speak,動詞,～を話す,A
30,travel,動詞,旅行する,A
31,hope,動詞,～を望む、～を願う,A
32,ride,動詞,〜に乗る,A
33,sound,動詞,〜に聞こえる、音がする,A
34,wear,動詞,〜を着ている、身につけている,A
35,train,名詞,列車、電車,A
36,hour,名詞,（１）時間、（複で）営業時間,A
37,weekend,名詞,週末,A
38,restaurant,名詞,料理店、レストラン,A
39,food,名詞,食べ物、料理,A
40,month,名詞,月,A
41,station,名詞,駅、（警察や消防などの）署,A
42,festival,名詞,祭り,A
43,ticket,名詞,切符,A
44,minute,名詞,分、ちょっとの間,A
45,trip,名詞,旅行,A
46,movie,名詞,映画,A
47,parent,名詞,親、（複で）両親,A
48,lesson,名詞,レスン、授業,A
49,kind,名詞,種類,A
50,money,名詞,お金,A
51,job,名詞,仕事,A
52,place,名詞,場所,A
53,office,名詞,オフィス、事務所、会社,A
54,science,名詞,科学、理科,A
55,meeting,名詞,会合、会議,A
56,concert,名詞,コンサート、演奏会,A
57,plan,名詞,計画、予定,A
58,child,名詞,子ども,A
59,vacation,名詞,休み、休暇,A
60,history,名詞,歴史,A
61,contest,名詞,コンテスト,A
62,library,名詞,図書館,A
63,last,形容詞,この前の、最後の,A
64,next,形容詞,次の,A
65,famous,形容詞,有名な,A
66,popular,形容詞,人気のある,A
67,sure,形容詞,確かな、確信して,A
68,favorite,形容詞,お気に入りの、大好きな,A
69,other,形容詞,他の,A
70,late,形容詞,遅い、遅れた,A
71,special,形容詞,特別な,A
72,different,形容詞,異なる、様々な、別の,A
73,sorry,形容詞,申し訳なく思って、気の毒に思って,A
74,free,形容詞,自由な、暇な、無料の,A
75,busy,形容詞,忙しい,A
76,first,副詞,最初に、最初の、第一に,A
77,often,副詞,よく、しばしば,A
78,also,副詞,〜もまた,A
79,tonight,副詞,今夜（は）,A
80,usually,副詞,たいてい、いつもは,A
81,well,副詞,上手に、十分に、よく,A
82,hard,副詞,熱心に、激しく,A
83,just,副詞,ちょうど、ただ、たった今,A
84,early,副詞,早く,A
85,still,副詞,まだ、それでも、今でも,A
86,together,副詞,一緒に,A
87,ago,副詞,（今から）〜前に,A
88,by,前置詞,～で、～によって、〜のそばに、〜までには,A
89,around,前置詞,〜の周りに、あちこちで,A
90,during,前置詞,〜の間中,A
91,over,前置詞,〜の上に、〜を越えて,A
92,when,接続詞,〜のとき、～するとき,A
93,because,接続詞,なぜなら～なので,A
94,before,接続詞/前置詞,〜の前に、~する前に,A
95,if,接続詞,もし～なら,A
96,than ～,接続詞/前置詞,～よりも,A
97,one,代名詞,もの、ひとつ、人,A
98,all,代名詞/副詞,すべて、すべては,A
99,could,助動詞,〜できた,A
100,should,助動詞,〜すべきだ、～したほうがよい,A
101,forget,動詞,～を忘れる,A
102,break,動詞,～を割る、～を壊す、～を折る,A
103,learn,動詞,～を学ぶ、～を習う,A
104,close,動詞,～を閉める、～が閉まる,A
105,hold,動詞,（会・パーティなど）を開く、～を持つ,A
106,decide,動詞,～を決める,A
107,grow,動詞,～を栽培する、～を育てる、育つ,A
108,try,動詞,～を試す、～を試みる、努力する,A
109,happen,動詞,起こる,A
110,lose,動詞,〜を失う、～を失くす、～に負ける,A
111,arrive,動詞,到着する,A
112,send 人 もの,動詞,人にものを送る、～を送る,A
113,borrow,動詞,～を借りる,A
114,build,動詞,〜を建てる、～を作る,A
115,draw,動詞,（絵・図）を書く、線を引く、引っぱる,A
116,hear,動詞,聞こえる、〜を聞く、～を聞いて知る,A
117,carry,動詞,〜を運ぶ、～を持ち歩く,A
118,check,動詞,〜を確認する、～を調べる,A
119,pay,動詞,（お金を）払う,A
120,marry 人,動詞,人と結婚する,A
121,miss,動詞,乗り物に遅れる、～をしそこなう、寂しく思う,A
122,remember,動詞,～を思い出す、～を覚えている,A
123,turn,動詞,～を曲がる、～を回す、まわる,A
124,beach,名詞,海辺、浜辺、砂浜,A
125,fun,名詞,楽しみ,A
126,idea,名詞,考え、アイデア,A
127,present,名詞,プレゼント,A
128,company,名詞,会社,A
129,event,名詞,行事、イベント,A
130,bike,名詞,自転車,A
131,store,名詞,店,A
132,street,名詞,通り,A
133,thing,名詞,もの、こと,A
134,glasses,名詞,メガネ,A
135,a.m.,名詞,午前,A
136,computer,名詞,コンピュータ,A
137,country,名詞,国、いなか,A
138,p.m.,名詞,午後,A
139,problem,名詞,問題,A
140,pumpkin,名詞,かぼちゃ,A
141,zoo,名詞,動物園,A
142,floor,名詞,床、階,A
143,museum,名詞,博物館、美術館,A
144,way,名詞,方法、道、やり方、方向,A
145,band,名詞,音楽のバンド,A
146,clothes,名詞,衣服,A
147,speech,名詞,スピーチ、演説,A
148,weather,名詞,天気、天候,A
149,supermarket,名詞,スーパーマーケット,A
150,uncle,名詞,おじ,A
151,newspaper,名詞,新聞,A
152,photo,名詞,写真,A
153,star,名詞,星、スター,A
154,grandparent,名詞,祖父、祖母  （複で）祖父母,A
155,holiday,名詞,休日、祝日,A
156,hospital,名詞,病院,A
157,pie,名詞,パイ,A
158,plane,名詞,飛行機,A
159,poster,名詞,ポスター,A
160,prize,名詞,賞、賞品,A
161,report,名詞,報告書、レポート,A
162,sir,名詞,お客様、先生,A
163,stop,名詞,停留所、止まること,A
164,dish,名詞,皿、料理,A
165,doctor,名詞,医者、博士,A
166,e-mail,名詞,電子メール,A
167,gym,名詞,体育館,A
168,sandwich,名詞,サンドイッチ,A
169,right,形容詞,右の、正しい,A
170,most,形容詞,大部分の、もっとも多くの,A
171,better,形容詞,よりよい,A
172,little,形容詞,少しの,A
173,delicious,形容詞,とてもおいしい,A
174,ready,形容詞,準備ができた,A
175,sick,形容詞,病気の、気分の悪い,A
176,expensive,形容詞,高価な,A
177,best,形容詞,もっともよい、もっとも上手な,A
178,difficult,形容詞,難しい,A
179,interesting,形容詞,おもしろい、興味深い,A
180,another,形容詞,もう一つの、別の,A
181,beautiful,形容詞,美しい,A
182,enough,形容詞,十分な、十分に,A
183,French,形容詞,フランスの、フランス語、フランス人の,A
184,Italian,形容詞,イタリアの、イタリア人の、イタリア語,A
185,cheap,形容詞,安っぽい,A
186,Chinese,形容詞,中国の、中国人の、中国語,A
187,important,形容詞,重要な,A
188,ever,副詞,かつて、これまでに,A
189,outside,副詞,外に、〜の外部に、外側で,A
190,never,副詞,一度も～ない、決して～ない,A
191,again,副詞,再び、また,A
192,later,副詞,あとで,A
193,yet,副詞,まだ～ない、もう,A
194,each,副詞,ひとつにつき、それぞれの,A
195,once,副詞,一度、かつて,A
196,already,副詞,すでに、もう,A
197,until,前置詞,〜までずっと,A
198,something,代名詞,何か、あるもの,A
199,anything,代名詞,何でも、何も～ない,A
200,must,助動詞,～しなければならない,A
201,begin,動詞,〜を始める、始まる,A
202,catch,動詞,〜を捕まえる、～に間に合う,A
203,invite,動詞,招待する,A
204,feel,動詞,体調・気分を感じる,A
205,choose,動詞,〜を選ぶ,A
206,hike,動詞/名詞,ハイキングをする,A
207,keep,動詞,〜を保つ、～を持ち続ける、～を取っておく、動物などを飼う,A
208,worry,動詞,心配する、心配させる,A
209,camp,動詞,キャンプする,A
210,celebrate,動詞,～を祝う,A
211,guess,動詞,～だと思う、推測する,A
212,pass,動詞,～に合格する、～を手渡す,A
213,relax,動詞,くつろぐ,A
214,spend,動詞,（お金・時間を）費やす、過ごす,A
215,camera,名詞,カメラ,A
216,cousin,名詞,いとこ,A
217,grandmother,名詞,祖母,A
218,mountain,名詞,山,A
219,space,名詞,宇宙、空間,A
220,theater,名詞,劇場、映画館,A
221,wallet,名詞,財布,A
222,bookstore,名詞,書店,A
223,college,名詞,（単科）大学,A
224,color,名詞,色,A
225,dictionary,名詞,辞書,A
226,dollar,名詞,ドル,A
227,garden,名詞,庭,A
228,husband,名詞,夫,A
229,key,名詞,鍵,A
230,nurse,名詞,看護師,A
231,pool,名詞,プール,A
232,writer,名詞,作家、書く人,A
233,aunt,名詞,おば,A
234,classroom,名詞,教室,A
235,gift,名詞,贈り物,A
236,group,名詞,グループ,A
237,line,名詞,線、列,A
238,member,名詞,一員,A
239,passage,名詞,文章の一節,A
240,university,名詞,（総合）大学,A
241,wedding,名詞,結婚式,A
242,wife,名詞,妻,A
243,word,名詞,単語,A
244,airport,名詞,空港,A
245,apartment,名詞,アパート,A
246,building,名詞,建物,A
247,coat,名詞,（衣服の）コート,A
248,farm,名詞,農場,A
249,part,名詞,部分、役目,A
250,phone,名詞,電話,A
251,son,名詞,息子,A
252,textbook,名詞,教科書,A
253,tournament,名詞,トーナメント、選手権試合,A
254,vegetable,名詞,野菜,A
255,area,名詞,区域、地域,A
256,bakery,名詞,パン屋,A
257,business,名詞,商売、仕事,A
258,cafeteria,名詞,カフェテリア、セルフサービスの食堂,A
259,daughter,名詞,娘,A
260,health,名詞,健康,A
261,information,名詞,情報,A
262,internet,名詞,インターネット,A
263,lake,名詞,湖,A
264,pizza,名詞,ピザ,A
265,police,名詞,警察,A
266,reason,名詞,理由,A
267,sale,名詞,セール、特売,A
268,snack,名詞,おやつ、軽食,A
269,stadium,名詞,スタジアム,A
270,main,形容詞,主な、主要な,A
271,angry,形容詞,怒っている,A
272,own,形容詞/動詞,自分自身の、所有する,A
273,professional,形容詞,プロの、専門家の,A
274,sad,形容詞,悲しい,A
275,both,形容詞,両方の,A
276,dear,形容詞,親愛なる～さま,A
277,excited,形容詞,わくわくして,A
278,sunny,形容詞,晴れた,A
279,cute,形容詞,かわいい,A
280,fine,形容詞,結構な、晴れた、元気な,A
281,glad,形容詞,うれしい,A
282,healthy,形容詞,健康的な,A
283,heavy,形容詞,重い、激しい,A
284,same,形容詞,（the をつけて）同じ,A
285,Spanish,形容詞/名詞,スペインの、スペイン人の、スペイン語,A
286,tired,形容詞,疲れ,A
287,wrong,形容詞,間違った、調子が悪い,A
288,strong,形容詞,強い、丈夫な,A
289,exciting,形容詞,わくわくさせる,A
290,nervous,形容詞,緊張した,A
291,surprised,形容詞,驚いて、びっくりして,A
292,soon,副詞,すぐに、まもなく,A
293,twice,副詞,2回、2倍、2度,A
294,far,副詞/形容詞,遠くに、遠い,A
295,sometimes,副詞,時々,A
296,almost,副詞,ほとんど、もう少しで,A
297,instead,副詞,代わりに,A
298,maybe,副詞,たぶん,A
299,since,接続詞/前置詞,〜以来ずっと,A
300,while,接続詞,〜の間、〜するうちに,A
301,change,動詞,～を変える、変わる,B
302,hurry,動詞,急ぐ,B
303,hurt,動詞,～を傷つける、けがをさせる、痛む,B
304,introduce,動詞,〜を紹介する,B
305,sleep,動詞,眠る,B
306,snow,動詞,雪が降る,B
307,bake,動詞,（オーブンで）パンなどを焼く,B
308,believe,動詞,～を信じる,B
309,contact,動詞,～に連絡を取る,B
310,order,動詞,～を注文する,B
311,perform,動詞,～を上演する、～を演じる、～を演奏する,B
312,return,動詞,～を返す、戻る,B
313,save,動詞,～を救う、～を貯める、節約する,B
314,collect,動詞,～を集める,B
315,cost,動詞,費用がかかる,B
316,design,動詞,～をデザインする,B
317,enter,動詞,～に入る,B
318,throw,動詞,～を投げる,B
319,understand,動詞,～を理解する,B
320,badminton,名詞,バドミントン,B
321,bottle,名詞,ビン,B
322,cafe,名詞,喫茶店,B
323,cookie,名詞,クッキー,B
324,end,名詞,終わり,B
325,grade,名詞,成績、学年、等級,B
326,grandfather,名詞,祖父,B
327,hall,名詞,ホール、会館、集会所、役所,B
328,letter,名詞,手紙、文字,B
329,parade,名詞,パレード,B
330,performance,名詞,上演、演技、演奏,B
331,salad,名詞,サラダ,B
332,website,名詞,ウェブサイト,B
333,actor,名詞,俳優,B
334,animal,名詞,動物,B
335,astronaut,名詞,宇宙飛行士,B
336,chocolate,名詞,チョコレート,B
337,comedy,名詞,喜劇、コメディー,B
338,fruit,名詞,くだもの,B
339,future,名詞,未来、将来,B
340,goal,名詞,ゴールによる得点、ゴール、目標,B
341,hobby,名詞,趣味,B
342,license,名詞,免許証、免許,B
343,locker,名詞,ロッカー,B
344,machine,名詞,機械,B
345,magazine,名詞,雑誌,B
346,model,名詞,模型、型、モデル,B
347,notice,名詞,掲示、通知,B
348,paper,名詞,紙,B
349,question,名詞,質問,B
350,recipe,名詞,料理の作り方、調理法,B
351,rule,名詞,規則、ルール,B
352,season,名詞,季節、時期,B
353,sofa,名詞,ソファ,B
354,tour,名詞,（観光などの）旅行、ツアー,B
355,video,名詞,ビデオ、映像,B
356,winner,名詞,優勝者、勝利者,B
357,accident,名詞,事故,B
358,answer,名詞,答え、返事,B
359,bank,名詞,銀行,B
360,copy,名詞,コピー、複写,B
361,dentist,名詞,歯医者、歯科医,B
362,farmer,名詞,農場経営者,B
363,horse,名詞,馬,B
364,junior high school,名詞,中学校,B
365,kitchen,名詞,台所,B
366,race,名詞,レース、競争,B
367,sign,名詞,看板、掲示,B
368,snowboard,名詞,スノーボードの板,B
369,subject,名詞,（eメールなどの）件名,B
370,tiger,名詞,虎,B
371,toy,名詞,おもちゃ,B
372,visitor,名詞,訪問者、観光客,B
373,crowded,形容詞,混雑した,B
374,easy,形容詞,簡単な,B
375,fast,形容詞,速い,B
376,half,形容詞,半分の,B
377,hungry,形容詞,空腹の,B
378,afraid,形容詞,怖がって、恐れて,B
379,cloudy,形容詞,くもった,B
380,dirty,形容詞,汚れた、汚い,B
381,funny,形容詞,面白い、おかしい、こっけいな,B
382,poor,形容詞,貧しい、下手な,B
383,such,形容詞,そのような、このような,B
384,warm,形容詞,あたたかい,B
385,international,形容詞,国際的な,B
386,wet,形容詞,しめった、濡れた,B
387,alone,副詞,一人で,B
388,else,副詞,そのほかに,B
389,however,副詞,しかしながら,B
390,part-time,副詞,パートタイムで、非常勤で,B
391,abroad,副詞,海外で,B
392,finally,副詞,ついに、最後に,B
393,someday,副詞,いつか、そのうちに,B
394,either,副詞,～もまた･･･ない,B
395,even,副詞,～でさえ、さらに,B
396,beside,前置詞,～のそばに、～と並んで,B
397,through,前置詞,～を通り抜けて、～を通して,B
398,herself,代名詞,彼女自身を,B
399,anyone,代名詞,誰か、だれも～ない,B
400,myself,代名詞,私自身を,B
401,climb,動詞,～に登る,B
402,cover,動詞,～を覆う,B
403,die,動詞,死ぬ,B
404,follow,動詞,～に従う、ついていく,B
405,hit,動詞,～にぶつかる、～をぶつける、打つ,B
406,injure,動詞,～にけがをさせる、傷つける,B
407,lend,動詞,～を貸す,B
408,plant,動詞,～を植える,B
409,receive,動詞,～を受け取る,B
410,start,動詞,～を始める、始まる,B
411,steal,動詞,〜を盗む,B
412,taste,動詞,～の味がする,B
413,cry,動詞,泣く、叫ぶ,B
414,fall,動詞,落ちる,B
415,fix,動詞,〜を修理する,B
416,invent,動詞,～を発明する,B
417,kill,動詞,～を殺す,B
418,paint,動詞,～を絵具で描く、絵具を塗る,B
419,serve,動詞,（食事など）を出す、仕える,B
420,adult,名詞,大人,B
421,bathroom,名詞,浴室、トイレ,B
422,bicycle,名詞,自転車,B
423,captain,名詞,キャプテン、船長、機長,B
424,church,名詞,教会,B
425,coach,名詞,コーチ、監督、指導者,B
426,comic,名詞,漫画本,B
427,doughnut,名詞,ドーナツ,B
428,dress,名詞,ドレス,B
429,experience,名詞,経験,B
430,gate,名詞,門,B
431,horror,名詞,ホラー、恐怖,B
432,language,名詞,言語,B
433,nature,名詞,自然,B
434,noon,名詞,正午,B
435,owner,名詞,所有者,B
436,person,名詞,人,B
437,pond,名詞,池,B
438,price,名詞,価格、値段,B
439,schedule,名詞,予定,B
440,staff,名詞,職員、スタッフ,B
441,stage,名詞,舞台、ステージ,B
442,uniform,名詞,制服、ユニフォーム,B
443,volunteer,名詞,ボランティアをする人,B
444,award,名詞,賞、賞品,B
445,basket,名詞,かご,B
446,boss,名詞,上司,B
447,classmate,名詞,同級生、クラスメート,B
448,court,名詞,（テニスなどの）コート、法廷,B
449,dessert,名詞,デザート,B
450,dream,名詞,夢,B
451,environment,名詞,環境,B
452,exam,名詞,試験、テスト,B
453,fashion,名詞,ファッション、流行,B
454,field,名詞,野原、競技場、グラウンド,B
455,forest,名詞,森、森林,B
456,hole,名詞,穴,B
457,kilogram,名詞,キログラム,B
458,life,名詞,生涯、生活、命,B
459,meat,名詞,肉,B
460,meter,名詞,メートル,B
461,mind,名詞,心、精神,B
462,package,名詞,小包、小荷物,B
463,painting,名詞,絵画、絵を描くこと,B
464,platform,名詞,プラットフォーム、ホーム,B
465,project,名詞,研究課題、計画、事業,B
466,road,名詞,道路,B
467,rock,名詞,岩、ロック音楽,B
468,scientist,名詞,科学者,B
469,score,名詞,点数,B
470,shape,名詞,形,B
471,side,名詞,側、側面,B
472,sightseeing,名詞,観光,B
473,steak,名詞,ステーキ,B
474,stomachache,名詞,腹痛、胃痛,B
475,dark,形容詞,暗い,B
476,foreign,形容詞,外国の,B
477,full,形容詞,満員の、いっぱいの、満腹で,B
478,local,形容詞,その土地の、地元の,B
479,silent,形容詞,静かな、無言の,B
480,snowy,形容詞,雪の降る、雪の多い,B
481,true,形容詞,本当の、真実の,B
482,wonderful,形容詞,素晴らしい,B
483,bright,形容詞,光り輝く、明るい,B
484,careful,形容詞,注意深い、気を付ける,B
485,fresh,形容詞,新鮮な,B
486,million,形容詞,100万の,B
487,national,形容詞,国民の、国立の、全国的な,B
488,rich,形容詞,裕福な、豊かな、金持ちの,B
489,several,形容詞,数個の、いくつかの,B
490,thirsty,形容詞,のどが渇いた,B
491,below,副詞,下に,B
492,everywhere,副詞,あらゆる所に、どこでも、いたるところに,B
493,anytime,副詞,いつでも,B
494,anywhere,副詞,どこかへ、どこにも～ない,B
495,carefully,副詞,注意深く,B
496,inside,前置詞,〜のなかに,B
497,across,前置詞,～を渡って、～を横切って,B
498,behind,前置詞,〜の後ろに,B
499,without,前置詞,〜なしで、～しないで,B
500,someone,代名詞,誰か、ある人,B
501,burn,動詞,燃える、～を燃やす,B
502,cross,動詞,～を横断する、～を渡る,B
503,cut,動詞,～を切る,B
504,exchange,動詞,～を交換する,B
505,explain,動詞,～を説明する,B
506,imagine,動詞,～を想像する,B
507,mean,動詞,～を意味する,B
508,pull,動詞,～を引く,B
509,reach,動詞,～に着く、～に届く,B
510,shut,動詞,～を閉める、閉まる,B
511,smell,動詞,～のにおいがする、～のにおいをかぐ,B
512,action,名詞,行動、アクション,B
513,actress,名詞,女優,B
514,belt,名詞,ベルト,B
515,body,名詞,体,B
516,butter,名詞,バター,B
517,button,名詞,ボタン,B
518,capital,名詞,首都,B
519,center,名詞,中心、中央、センター,B
520,century,名詞,世紀,B
521,convenience store,名詞,コンビニ,B
522,culture,名詞,文化,B
523,customer,名詞,店の客,B
524,date,名詞,日付,B
525,elementary school,名詞,小学校,B
526,elevator,名詞,エレベーター,B
527,fact,名詞,事実,B
528,fever,名詞,熱,B
529,flight,名詞,飛行機の便、飛行,B
530,fridge,名詞,冷蔵庫,B
531,grandson,名詞,孫息子,B
532,horizon,名詞,地平線、水平線,B
533,interview,名詞,面接、面談,B
534,kid,名詞,こども,B
535,living room,名詞,居間,B
536,medal,名詞,メダル,B
537,memory,名詞,思い出、記憶力,B
538,middle,名詞,まんなか、中央,B
539,mirror,名詞,鏡,B
540,mushroom,名詞,きのこ,B
541,musician,名詞,音楽家、ミュージシャン,B
542,mystery,名詞,推理小説、ミステリー,B
543,panda,名詞,パンダ,B
544,power,名詞,力、動力,B
545,program,名詞,番組、計画,B
546,queen,名詞,女王、王妃,B
547,social studies,名詞,社会科,B
548,soldier,名詞,兵士、陸軍軍人,B
549,stew,名詞,シチュー,B
550,sugar,名詞,砂糖,B
551,suit,名詞,スーツ,B
552,swimsuit,名詞,（女性用のワンピース姿の）水着,B
553,swimsuit,名詞,（女性用のワンピースの）水着,B
554,tooth,名詞,歯,B
555,tourist,名詞,観光客、旅行者,B
556,type,名詞,型、タイプ,B
557,waiter,名詞,（男性の）ウェイター,B
558,war,名詞,戦争,B
559,aquarium,名詞,水族館,B
560,barbecue,名詞,バーベキュー,B
561,firework,名詞,花火 （複で）花火の打ち上げ,B
562,hill,名詞,丘、低い山,B
563,homestay,名詞,ホームステイ,B
564,hometown,名詞,生まれ故郷,B
565,musical,名詞,ミュージカル,B
566,president,名詞,大統領、会長、学長,B
567,rocket,名詞,ロケット,B
568,shrine,名詞,神社,B
569,statue,名詞,像、彫像,B
570,suitcase,名詞,スーツケース,B
571,sweater,名詞,セーター,B
572,tradition,名詞,伝統,B
573,worker,名詞,働く人、労働者,B
574,billion,形容詞,10億の,B
575,boring,形容詞,退屈な,B
576,central,形容詞,中央の、中心の,B
577,clear,形容詞,澄んだ、晴れた,B
578,clever,形容詞,賢い、利口な,B
579,deep,形容詞,深い,B
580,enjoyable,形容詞,楽しい、面白い,B
581,final,形容詞,最終の、最後の,B
582,loud,形容詞,音や声が大きい,B
583,lucky,形容詞,運のよい,B
584,narrow,形容詞,狭い,B
585,perfect,形容詞,完璧な、完全な,B
586,short,形容詞,短い、背の低い,B
587,simple,形容詞,簡単な、質素な,B
588,tight,形容詞,きつい,B
589,top,形容詞,一番上の,B
590,usual,形容詞,いつもの、ふつうの,B
591,whole,形容詞,全体の,B
592,actually,副詞,実は、実際に,B
593,any more,副詞,今はもう～ない,B
594,anyway,副詞,とにかく、いずれにしても,B
595,luckily,副詞,幸運にも,B
596,pretty,副詞,かなり、とても,B
597,quickly,副詞,素早く、早く、すぐに,B
598,sometime,副詞,いつか、かつて,B
599,between,前置詞,二つの間に,B
600,as,前置詞,～として,B
601,attend,動詞,〜に出席する、通う,C
602,boil,動詞,〜を沸騰させる、茹でる,C
603,cancel,動詞,予約・注文などを取り消す、中止する,C
604,continue,動詞,～を続ける、続く,C
605,laugh,動詞,笑う,C
606,prepare,動詞,準備する,C
607,protect,動詞,〜を保護する,C
608,push,動詞,〜を押す,C
609,recycle,動詞,～を再生利用する、リサイクルする,C
610,rest,動詞,休む、休憩する,C
611,share,動詞,〜を共有する、～を分け合う,C
612,smile,動詞,ほほえむ,C
613,touch,動詞,〜に触れる、～に触る,C
614,activity,名詞,活動,C
615,address,名詞,住所、メールのアドレス,C
616,advice,名詞,助言、アドバイス,C
617,air,名詞,空気,C
618,alarm,名詞,目覚まし時計、警報機,C
619,block,名詞,町の一区画,C
620,bridge,名詞,橋,C
621,ceremony,名詞,式、儀式,C
622,chance,名詞,機会,C
623,chef,名詞,シェフ、料理長,C
624,costume,名詞,衣装,C
625,difference,名詞,違い,C
626,energy,名詞,エネルギー,C
627,entrance,名詞,入口,C
628,figure,名詞,図、図表、人物、数字,C
629,flag,名詞,旗,C
630,garbage,名詞,ごみ,C
631,glove,名詞,手袋、野球などのグローブ,C
632,guide,名詞,ガイド、案内人,C
633,hamburger,名詞,ハンバーガー,C
634,headache,名詞,頭痛,C
635,height,名詞,高さ、身長,C
636,hero,名詞,英雄、男性の主人公,C
637,island,名詞,島,C
638,jazz,名詞,ジャズ,C
639,jeans,名詞,ジーンズ,C
640,judge,名詞,審査員、審判員,C
641,juice,名詞,ジュース,C
642,leaf,名詞,葉,C
643,manager,名詞,支配人、管理者、経営者,C
644,meal,名詞,食事,C
645,message,名詞,伝言、メッセージ,C
646,midnight,名詞,夜中の12時、真夜中,C
647,novel,名詞,長編の小説,C
648,oil,名詞,油,C
649,oven,名詞,オーブン,C
650,page,名詞,ページ,C
651,pancake,名詞,パンケーキ,C
652,passenger,名詞,乗客,C
653,peace,名詞,平和,C
654,planet,名詞,惑星,C
655,pocket,名詞,ポケット,C
656,point,名詞,得点、地点、要点,C
657,promise,名詞,約束,C
658,radio,名詞,ラジオ,C
659,scarf,名詞,スカーフ、マフラー,C
660,scene,名詞,場面,C
661,sight,名詞,視力、視界、光景,C
662,stomach,名詞,胃、腹部,C
663,storm,名詞,嵐、暴風雨,C
664,support,名詞,支援、支持,C
665,system,名詞,制度、系統、体系,C
666,telephone,名詞,電話,C
667,tie,名詞,ネクタイ,C
668,trouble,名詞,面倒な状況、悩み事,C
669,voice,名詞,声,C
670,wish,名詞,（複で）（幸福・健康などを)祈願する言葉、願い、望み,C
671,broken,形容詞,折れた、壊れた,C
672,comfortable,形容詞,快適な、心地よい,C
673,dangerous,形容詞,危険な,C
674,excellent,形容詞,優れた、優秀な,C
675,familiar,形容詞,見慣れた、よく知られた,C
676,helpful,形容詞,役立つ,C
677,noisy,形容詞,騒がしい,C
678,Olympic,形容詞,オリンピックの,C
679,peaceful,形容詞,穏やかな、平和な,C
680,powerful,形容詞,強力な,C
681,public,形容詞,公共の、公の,C
682,quiet,形容詞,静かな,C
683,round,形容詞,丸い,C
684,scared,形容詞,おびえた、怖がった,C
685,shy,形容詞,恥ずかしがりの、内気な,C
686,smart,形容詞,利口な,C
687,thick,形容詞,厚い、濃い,C
688,traditional,形容詞,伝統的な,C
689,upset,形容詞,動揺した,C
690,wide,形容詞,幅の広い,C
691,cheaply,副詞,安く,C
692,easily,副詞,簡単に、容易に,C
693,safely,副詞,安全に、無事に,C
694,sincerely,副詞,敬具,C
695,softly,副詞,やさしく、柔らかに、穏やかに,C
696,straight,副詞,まっすぐに,C
697,upstairs,副詞,上の階へ,C
698,above,前置詞,～の上に,C
699,against,前置詞,～に対抗して、～に反対して,C
700,among,前置詞,～の中で、～の間で,C
701,count,動詞,〜を数える,C
702,kick,動詞,～を蹴る,C
703,set,動詞,～を用意する、～を整える、～をセットする,C
704,spread,動詞,〜を広げる、広がる,C
705,surf,動詞,サーフィンをする、ホームページなどを見てまわる,C
706,raise,動詞,～を上げる、～を育てる,C
707,add,動詞,～を加える,C
708,appear,動詞,現れる,C
709,attack,動詞,～を攻撃する,C
710,control,動詞,～を操作する、～を支配する、～を管理する,C
711,deliver,動詞,〜を配達する,C
712,expect,動詞,～を待ち受ける、～を予期する,C
713,express,動詞,〜を表現する,C
714,fight,動詞,～と戦う、けんかする,C
715,fit,動詞,～にぴったり合う,C
716,hang,動詞,〜を掛ける,C
717,jog,動詞,ジョギングする,C
718,knock,動詞,ノックする,C
719,mix,動詞,～を混ぜる、混ざる,C
720,oversleep,動詞,寝過ごす,C
721,record,動詞,～を録画する、～を記録する,C
722,repeat,動詞,～を繰り返して言う,C
723,seem,動詞,〜ように見える、～のように思われる,C
724,shake,動詞,～を振る、揺れる,C
725,shock,動詞,〜にショックを与える,C
726,shout,動詞,怒鳴る、叫ぶ,C
727,spell,動詞,～をつづる,C
728,waste,動詞,～を無駄に使う,C
729,wonder,動詞,〜かなと思う,C
730,ballet,名詞,バレエ,C
731,bit,名詞,（ a bit で）少し,C
732,carnival,名詞,カーニバル、お祭り騒ぎ,C
733,carpenter,名詞,大工,C
734,cracker,名詞,クラッカー,C
735,drawing,名詞,線画、スケッチ、図面,C
736,engine,名詞,エンジン,C
737,exit,名詞,出口,C
738,fan,名詞,ファン,C
739,flour,名詞,小麦粉,C
740,gentleman,名詞,ジェントルマン、男の方,C
741,ghost,名詞,幽霊,C
742,guest,名詞,招かれた客,C
743,guy,名詞,（複で）みんな、奴、男,C
744,habit,名詞,習慣,C
745,handle,名詞,取手、柄,C
746,heart,名詞,心臓、心,C
747,hockey,名詞,ホッケー,C
748,joke,名詞,冗談,C
749,kilometer,名詞,キロメートル,C
750,knee,名詞,ひざ,C
751,lady,名詞,ご婦人、淑女,C
752,leader,名詞,リーダー、指導者,C
753,mall,名詞,ショッピングセンター 商店街,C
754,marathon,名詞,マラソン,C
755,meaning,名詞,意味,C
756,mouse,名詞,ハツカネズミ,C
757,parking,名詞,駐車（場）、駐車できる場所,C
758,photographer,名詞,写真家,C
759,purpose,名詞,目的,C
760,radish,名詞,ラディッシュ、大根,C
761,reporter,名詞,通信員、記者,C
762,ring,名詞,指輪、輪,C
763,sailor,名詞,船員,C
764,salesclerk,名詞,店員、販売員,C
765,service,名詞,サービス、接客、公共事業、業務,C
766,shell,名詞,貝がら,C
767,snake,名詞,ヘビ,C
768,spot,名詞,場所、地点,C
769,subway,名詞,地下鉄,C
770,sunglasses,名詞,サングラス,C
771,surprise,名詞,予期しない驚き、驚くべきこと,C
772,teammate,名詞,チームメイト,C
773,television,名詞,テレビ,C
774,toilet,名詞,トイレ,C
775,track,名詞,鉄道の線路、駅の～番線,C
776,turtle,名詞,ウミガメ,C
777,whale,名詞,クジラ,C
778,wind,名詞,風,C
779,yard,名詞,庭,C
780,army,名詞,軍隊、陸軍,C
781,decoration,名詞,飾り、装飾,C
782,pollution,名詞,汚染、公害,C
783,amazing,形容詞,驚くべき,C
784,British,形容詞,イギリスの、イギリス人の,C
785,correct,形容詞,正しい,C
786,dry,形容詞,乾いた,C
787,front,形容詞,正面の、前の,C
788,lovely,形容詞,美しい、かわいらしい,C
789,northern,形容詞,北の、北部の,C
790,real,形容詞,本当の、現実の,C
791,solar,形容詞,太陽の,C
792,strange,形容詞,奇妙な、見知らぬ,C
793,weak,形容詞,弱い,C
794,native,形容詞,その土地固有の、生まれた土地の,C
795,slowly,副詞,ゆっくりと、遅く,C
796,badly,副詞,悪く、ひどく,C
797,online,副詞,オンラインで、インターネットで,C
798,along,前置詞,～に沿って,C
799,everybody,代名詞,みんな、誰でも,C
800,ourselves,代名詞,私たち自身を,C
801,act,動詞,〜を演じる、行動する,C
802,cause,動詞,〜を引き起こす、～の原因となる,C
803,destroy,動詞,〜を破壊する,C
804,disappear,動詞,消える、姿を消す、見えなくなる,C
805,discover,動詞,〜を発見する,C
806,escape,動詞,逃げる,C
807,exercise,動詞,運動する,C
808,fail,動詞,試験に落ちる、失敗する,C
809,feed,動詞,～にエサを与える,C
810,hide,動詞,隠れる、〜を隠す,C
811,lay,動詞,卵を産む、～を横たえる、～を置く,C
812,lead,動詞,～を率いる、導く,C
813,offer,動詞,〜を提供する、申し出る、～を差し出す,C
814,produce,動詞,～を生産する,C
815,realize,動詞,〜と気づく、実現する,C
816,shine,動詞,輝く,C
817,smoke,動詞,煙草を吸う,C
818,solve,動詞,～を解決する、～を解く,C
819,survive,動詞,～を生き残る,C
820,adventure,名詞,冒険,C
821,age,名詞,年齢,C
822,arm,名詞,腕,C
823,athlete,名詞,運動選手,C
824,bottom,名詞,底、下部,C
825,castle,名詞,城,C
826,ceiling,名詞,天井,C
827,closet,名詞,クローゼット、押し入れ,C
828,corner,名詞,角,C
829,course,名詞,講座、コース、進路,C
830,custom,名詞,慣習,C
831,department store,名詞,デパート、百貨店,C
832,director,名詞,監督、指導者,C
833,discount,名詞,割引,C
834,doghouse,名詞,犬小屋,C
835,drugstore,名詞,薬局、ドラッグストア,C
836,ear,名詞,耳,C
837,examination,名詞,試験,C
838,factory,名詞,工場,C
839,fair,名詞,見本市、品評会,C
840,fire,名詞,火事、火,C
841,furniture,名詞,家具,C
842,god,名詞,神,C
843,government,名詞,政府,C
844,grass,名詞,草、芝生,C
845,hallway,名詞,屋内の通路、廊下、玄関,C
846,host,名詞,受け入れ側、（客をもてなす）主人,C
847,hurricane,名詞,ハリケーン,C
848,instrument,名詞,楽器、精密な機械,C
849,land,名詞,陸、土地,C
850,list,名詞,リスト、表,C
851,medicine,名詞,薬,C
852,neighbor,名詞,近所の人,C
853,noise,名詞,物音、騒音,C
854,opinion,名詞,意見,C
855,safety,名詞,安全,C
856,science fiction,名詞,SF、空想科学小説,C
857,scissors,名詞,はさみ,C
858,secret,名詞,秘密,C
859,section,名詞,売り場などのコーナー、一部分、区分、部門,C
860,sentence,名詞,文,C
861,stamp,名詞,切手,C
862,state,名詞,（アメリカなどの）州、国家、状態,C
863,tool,名詞,道具,C
864,trick,名詞,芸当、いたずら,C
865,typhoon,名詞,台風,C
866,view,名詞,眺め、景色,C
867,village,名詞,村,C
868,wood,名詞,木材 、（複で）森,C
869,damage,名詞,被害、損害,C
870,enemy,名詞,敵,C
871,importance,名詞,重要性,C
872,resort,名詞,行楽地,C
873,skill,名詞,技能、技術,C
874,speed,名詞,速度、スピード,C
875,asleep,形容詞,眠って、眠り込んで,C
876,common,形容詞,よくある、共通の,C
877,daily,形容詞,日常の、毎日の,C
878,female,形容詞,女性の、雌の,C
879,friendly,形容詞,親しみやすい、親切な,C
880,homesick,形容詞,ホームシックの、故郷を恋しがる,C
881,human,形容詞,人間の,C
882,latest,形容詞,最新の,C
883,lonely,形容詞,ひとりぼっちの、さみしい,C
884,natural,形容詞,自然の,C
885,necessary,形容詞,必要な,C
886,useful,形容詞,役に立つ,C
887,wild,形容詞,野生の,C
888,alive,形容詞,生きている,C
889,huge,形容詞,巨大な,C
890,low,形容詞,低い,C
891,male,形容詞,男性の、雄の,C
892,polite,形容詞,礼儀正しい,C
893,serious,形容詞,重大な、まじめな,C
894,southern,形容詞,南の、南部の,C
895,especially,副詞,特に,C
896,somewhere,副詞,どこかに,C
897,suddenly,副詞,突然,C
898,toward,前置詞,〜に向かって、～の方へ,C
899,although,接続詞,〜だけれども,C
900,nothing,代名詞,何も～ない,C
